ADMIN-IMMEDIATE-REPLY-2026-08-02.md	619	2026-08-02T12:51:08
AUTOMATION-BACKLOG.md	1649	2026-08-02T10:46:32
AVA-CORE-LIVE-GATE-2026-08-02.md	531	2026-08-02T10:29:21
AVA-FINANCE-ROUTING-v1.md	1513	2026-08-02T10:41:46
AVA-FINANCE-STRIPE-LEDGER-2026-08-02.md	1749	2026-08-02T10:48:50
AVA-GOALS.md	3439	2026-08-02T16:12:02
AVA-INCOME-BACKLOG-v1.md	986	2026-08-02T10:08:14
AVA-INGAME-POWERS-RCON-2026-08-03.md	1039	2026-08-03T07:54:12
AVAS-ARMY-FOUNDATION.md	350	2026-08-02T12:14:41
AVA-SELF-FIX-2026-08-02.md	869	2026-08-02T10:46:33
AVA-SELF-RESPECT-ENFORCE-2026-08-02.md	969	2026-08-02T12:46:50
channel-dumps.md	1071	2026-08-02T08:36:15
CHANNEL-SCAN-FIX-DREAM-DARK-2026-08-03.md	940	2026-08-03T09:47:48
CONSPIRACY-IDLE-PERSONA-2026-08-02.md	509	2026-08-02T11:39:27
CONSPIRACY-VOICE-NOT-LAME-2026-08-02.md	487	2026-08-02T11:40:58
CUT-NSA-SNOWDEN-LORE-2026-08-02.md	325	2026-08-02T11:47:49
DECISION-blocked-jobs-2026-08-02.md	665	2026-08-02T10:27:54
DECISION-skills-dead-blocks-2026-08-02.md	408	2026-08-02T09:05:42
DELTA-2B-OFF-CIRCUIT-2026-08-02.md	526	2026-08-03T07:17:51
DISCORD-AUTONOMY-ON-2026-08-02.md	849	2026-08-02T14:09:51
DISCORD-ENCODING-ASCII-2026-08-02.md	561	2026-08-02T11:17:45
DISCORD-GATEKEEP-CADENCE-2026-08-02.md	933	2026-08-02T11:13:58
dream-brain-rewire-2026-08-01.md	585	2026-08-02T08:36:15
ECO-FAST-POLL-SQL-2026-08-03.md	871	2026-08-03T08:09:09
ECOFLOW-DISPLAY-RENAME-2026-08-02.md	727	2026-08-03T07:18:11
ECO-PREFER-POSITIVE-WATTS-2026-08-03.md	343	2026-08-03T08:52:37
ENV-PRESERVATION.md	2730	2026-08-02T08:36:15
EYES-REACT-OFTEN-2026-08-02.md	473	2026-08-02T12:54:48
FERN-FOREST-DEPRIORITIZE-2026-08-02.md	1318	2026-08-02T16:00:30
FERN-FOREST-HAWAII-2026-08-02.md	2324	2026-08-02T15:35:55
FERN-FOREST-JULY-BACKTRACK-2026-08-02.md	778	2026-08-02T15:31:10
FULL-GUILD-CHIME-4S-2026-08-02.md	653	2026-08-02T13:09:36
FULL-STATE-NEXT-ACTIONS-2026-08-03.md	689	2026-08-02T17:28:10
GITHUB-PUSH-AUTH-GATE-2026-08-02.md	808	2026-08-02T10:30:50
GOAL-D-SPATIAL-SCHEMA.md	1096	2026-08-02T10:08:17
HELPFUL-DATA-HARVEST-FERN-FOREST-2026-08-02.md	400	2026-08-02T15:40:22
HI-PACIFIC-SOLAR-WIT-2026-08-02.md	556	2026-08-02T11:36:15
HOST-SITE-HOURLY-SOLAR-WEATHER-2026-08-02.md	887	2026-08-02T11:23:43
HOST-SITE-NO-LOCALE-HOUR-RECAP-2026-08-02.md	613	2026-08-02T11:33:33
HOUR-RECAP-SLACK-ONLY-2026-08-02.md	321	2026-08-02T11:53:36
INGAME-CHAT-ASSIST.md	1147	2026-08-02T10:16:10
INGAME-JOIN-WELCOME.md	407	2026-08-02T12:19:02
INTERESTS-OFFGRID-GARDEN-POWER.md	944	2026-08-02T11:15:12
IN-WORLD-AVA-PRESENCE-PHASE1-2026-08-03.md	1048	2026-08-02T17:24:09
LESSONS-2026-08-02-greenlights.md	1683	2026-08-02T10:26:38
LINUX-E-SSD-LAYOUT.md	3414	2026-08-02T08:36:15
LINUX-SSH-STANDBY-2026-08-02.md	564	2026-08-02T10:28:45
LLAMA-BASELINE.md	531	2026-08-02T08:36:15
llama-v1-student.md	2416	2026-08-02T13:20:01
LOCAL-BRAIN.md	3205	2026-08-02T10:49:49
lore-root-server-late-night-2026-08-01.md	17494	2026-08-02T08:36:15
lore-solar-day-night-cycles.md	1705	2026-08-03T07:18:00
microsd-ubuntu-staging-layout.md	836	2026-08-02T18:31:40
NEXT-OPS-2026-08-02.md	204	2026-08-02T11:57:39
OPS-POWER-STATUS-CURSOR-2026-08-02.md	919	2026-08-02T11:09:49
PARKED-2026-08-02-post-greenlights.md	567	2026-08-02T10:29:21
PERSONA-PRIVACY-SPLIT-2026-08-02.md	512	2026-08-02T10:53:57
PERSONA-TIME-ANALYTICS-2026-08-02.md	525	2026-08-02T10:53:12
pro-pay-to-steer.md	490	2026-08-02T08:36:15
PROP-constitution-ratification.md	3547	2026-08-02T10:12:32
PROP-onboarding-INSTALL-2026-08-03.md	1519	2026-08-03T07:28:41
PROP-onboarding-shop-guardrails-2026-08-03.md	3041	2026-08-03T07:29:11
PROP-root-ava-core.md	1971	2026-08-02T10:03:31
PROP-website-100usd.md	924	2026-08-02T08:36:15
RANDOM-FACTS-CHANNEL-OFF-2026-08-02.md	310	2026-08-02T11:58:30
REPLICATE-GOALS-TARGETS-2026-08-02.md	952	2026-08-02T16:12:02
ROLLOUT-2026-08-02.md	353	2026-08-02T12:36:27
Root_Server_Late_Night_Alex_Ava.md	17494	2026-08-01T19:01:01
rootmc-bot-parity.md	6336	2026-08-02T10:27:54
ROOTMC-CENTRIC-CLEAN-SIMPLE-2026-08-02.md	285	2026-08-02T11:49:09
SANDBOX-EYES.md	545	2026-08-02T10:09:13
SCAN-TG-2026-08-03.md	886	2026-08-02T18:35:42
SOAK-VERIFY-2026-08-02.md	639	2026-08-02T10:31:57
SOFT-BANTER-GENERAL-2026-08-03.md	300	2026-08-03T08:14:33
SOFT-PRAISE-REPLY-2026-08-02.md	499	2026-08-03T07:06:06
SOLANA-AUDIT-INVENTORY-2026-08-02.md	616	2026-08-02T10:28:46
solar-chart-limes-2026-08-02.md	472	2026-08-02T14:26:31
SOLAR-CMD-STALE-3M-2026-08-03.md	1171	2026-08-03T07:40:11
SOLAR-DASHBOARD-GRAPHS-2026-08-02.md	985	2026-08-02T14:08:04
SOLAR-DATACENTER-FULL-SPEAK-2026-08-03.md	638	2026-08-03T08:47:45
SOLAR-DAY-CYCLES-PD-OUT-2026-08-03.md	617	2026-08-03T09:01:02
SOLAR-GOLD-MULT-FIX-2026-08-03.md	839	2026-08-03T10:08:46
SOLAR-MINING-MULTIPLIER-2026-08-02.md	2124	2026-08-03T07:06:06
SOLAR-OPS-CHANNEL-LINKS-2026-08-03.md	699	2026-08-03T09:17:03
SOLAR-SERVER-CHANNEL-2026-08-03.md	522	2026-08-03T09:26:11
STAFF-BRIEFING-AUTO-2026-08-03.md	556	2026-08-03T08:16:06
STORAGE-PAUSE-FAREWELL-2026-08-03.md	984	2026-08-03T11:18:20
SURFACE-ARCHITECTURE.md	1543	2026-08-02T14:09:41
sweater-safe-mode.md	1429	2026-08-02T08:36:15
TELEGRAM-GROUP-FERN-FOREST-DEEP-SCAN-2026-08-02.md	3476	2026-08-02T15:28:38
TELEGRAM-GROUPS-ISOLATION-2026-08-02.md	2328	2026-08-02T15:24:16
TELEGRAM-INCOME-UX-2026-08-02.md	1091	2026-08-02T10:42:37
TEST-SERVER-AVA-PRESENCE-FILEZILLA.md	747	2026-08-02T17:26:10
TEST-SERVER-FREE-REIGN-2026-08-02.md	582	2026-08-02T12:59:10
TIME-OFF-ADMIN-GROK-2026-08-02.md	1357	2026-08-02T18:35:42
token-economy-reserve.md	1625	2026-08-02T08:36:15
UBUNTU-26.04-USB-F-2026-08-02.md	3578	2026-08-02T18:10:59
UBUNTU-DEPENDENCIES.md	3577	2026-08-02T08:36:15
UPGRADE-CHECKLIST.md	895	2026-08-02T10:09:07
urgent-telegram.md	1098	2026-08-02T08:36:15
vote-shard-items-missing-alex-2026-08-02.md	2184	2026-08-02T13:57:26
WATCH-RANDOM-FACTS-2026-08-02.md	388	2026-08-02T12:57:35
X-SOCIAL-LEAD.md	971	2026-08-02T10:29:26
ZUPPA-DEPARTURE-2026-08-03.md	711	2026-08-03T08:26:29
